{
  "log": {
    "name": "paul15",
    "n_cells": 2730,
    "n_genes": 1500,
    "n_types": 10,
    "n_batches": 1
  },
  "metrics": {
    "PCA+Leiden": {
      "ARI": 0.3577983770076543,
      "NMI": 0.5649002376174613,
      "AMI": 0.562044242025148,
      "homogeneity": 0.6029713018943744,
      "completeness": 0.5313512018730262,
      "n_clusters": 8,
      "rare_recall": 0.16847826086956524,
      "silhouette_Z": 0.07698281854391098,
      "per_type_f1": {
        "Baso": 0.0,
        "DC": 0.0,
        "Eos": 0.0,
        "Ery": 0.6209068010075567,
        "GMP": 0.569420035149385,
        "Lymph": 0.673913043478261,
        "MEP": 0.653846153846154,
        "Mk": 0.0,
        "Mo": 0.556580050293378,
        "Neu": 0.57196261682243
      }
    },
    "NBVAE+Euclid": {
      "ARI": 0.3239573116714858,
      "NMI": 0.5721210762298512,
      "AMI": 0.5680101174590407,
      "homogeneity": 0.6533515532602039,
      "completeness": 0.5088556191060397,
      "n_clusters": 12,
      "rare_recall": 0.668322618351841,
      "silhouette_Z": 0.08253389596939087,
      "per_type_f1": {
        "Baso": 0.18604651162790697,
        "DC": 1.0,
        "Eos": 0.0,
        "Ery": 0.5943517329910141,
        "GMP": 0.6213235294117647,
        "Lymph": 0.9491525423728813,
        "MEP": 0.6081632653061224,
        "Mk": 0.7241379310344828,
        "Mo": 0.5651340996168581,
        "Neu": 0.5264957264957265
      }
    },
    "KMeans": {
      "ARI": 0.2994833816310863,
      "NMI": 0.5163301786087684,
      "AMI": 0.5125258731168449,
      "homogeneity": 0.5955692720624989,
      "completeness": 0.455700320760959,
      "n_clusters": 10,
      "rare_recall": 0.23550156739811912,
      "silhouette_Z": 0.10823366791009903,
      "per_type_f1": {
        "Baso": 0.4274322169059011,
        "DC": 0.0,
        "Eos": 0.0,
        "Ery": 0.5071574642126789,
        "GMP": 0.2222222222222222,
        "Lymph": 0.5344827586206896,
        "MEP": 0.5458333333333334,
        "Mk": 0.40752351097178685,
        "Mo": 0.4173913043478261,
        "Neu": 0.5472061657032755
      }
    },
    "IGMC-EucPull": {
      "ARI": 0.3166486847899018,
      "NMI": 0.5811894913240294,
      "AMI": 0.5778106337595048,
      "homogeneity": 0.6507421929087935,
      "completeness": 0.5250690057239157,
      "n_clusters": 10,
      "rare_recall": 0.1597938144329897,
      "silhouette_Z": 0.06113992631435394,
      "per_type_f1": {
        "Baso": 0.6759847522236341,
        "DC": 0.0,
        "Eos": 0.0,
        "Ery": 0.5252525252525252,
        "GMP": 0.8195991091314031,
        "Lymph": 0.6391752577319588,
        "MEP": 0.48175182481751816,
        "Mk": 0.0,
        "Mo": 0.5573770491803278,
        "Neu": 0.5789473684210527
      }
    },
    "IGMC-FR+Leiden": {
      "ARI": 0.2680080599306091,
      "NMI": 0.5575975219630227,
      "AMI": 0.5537867702296726,
      "homogeneity": 0.6531187285813607,
      "completeness": 0.48645198777361903,
      "n_clusters": 11,
      "rare_recall": 0.2691131498470948,
      "silhouette_Z": 0.07843676209449768,
      "per_type_f1": {
        "Baso": 0.21869488536155202,
        "DC": 0.6666666666666666,
        "Eos": 0.0,
        "Ery": 0.40843023255813954,
        "GMP": 0.6958333333333333,
        "Lymph": 0.0,
        "MEP": 0.4563492063492064,
        "Mk": 0.4097859327217125,
        "Mo": 0.5241521068859197,
        "Neu": 0.610236220472441
      }
    },
    "IGMC-Markov": {
      "ARI": 0.5779890714230244,
      "NMI": 0.6300724047365751,
      "AMI": 0.6278514392735538,
      "homogeneity": 0.6286128352405154,
      "completeness": 0.6315387679247997,
      "n_clusters": 7,
      "rare_recall": 0.155,
      "silhouette_Z": 0.12433632463216782,
      "per_type_f1": {
        "Baso": 0.2264957264957265,
        "DC": 0.0,
        "Eos": 0.0,
        "Ery": 0.8883248730964467,
        "GMP": 0.6567164179104479,
        "Lymph": 0.62,
        "MEP": 0.47852760736196326,
        "Mk": 0.0,
        "Mo": 0.609981515711645,
        "Neu": 0.58348623853211
      }
    }
  },
  "conformal": {
    "0.05": {
      "mean_set_size": 1.5545787545787546,
      "frac_singleton": 0.5355311355311355,
      "frac_ambiguous": 0.4644688644688645,
      "frac_novel": 0.0,
      "marginal_coverage": 0.9655677655677656,
      "per_class_coverage": {
        "Baso": 0.9728997289972899,
        "DC": 1.0,
        "Eos": 0.6666666666666666,
        "Ery": 0.958904109589041,
        "GMP": 0.9861111111111112,
        "Lymph": 0.9032258064516129,
        "MEP": 0.9880239520958084,
        "Mk": 0.9852941176470589,
        "Mo": 0.962432915921288,
        "Neu": 0.967741935483871
      }
    },
    "0.1": {
      "mean_set_size": 1.2714285714285714,
      "frac_singleton": 0.7128205128205128,
      "frac_ambiguous": 0.27106227106227104,
      "frac_novel": 0.01611721611721612,
      "marginal_coverage": 0.921978021978022,
      "per_class_coverage": {
        "Baso": 0.94579945799458,
        "DC": 1.0,
        "Eos": 0.6666666666666666,
        "Ery": 0.9095890410958904,
        "GMP": 0.9305555555555556,
        "Lymph": 0.9032258064516129,
        "MEP": 0.9520958083832335,
        "Mk": 0.9852941176470589,
        "Mo": 0.9087656529516994,
        "Neu": 0.9301075268817204
      }
    },
    "0.2": {
      "mean_set_size": 0.9776556776556776,
      "frac_singleton": 0.8421245421245421,
      "frac_ambiguous": 0.06776556776556776,
      "frac_novel": 0.09010989010989011,
      "marginal_coverage": 0.8175824175824176,
      "per_class_coverage": {
        "Baso": 0.8590785907859079,
        "DC": 0.9666666666666667,
        "Eos": 0.6666666666666666,
        "Ery": 0.7972602739726027,
        "GMP": 0.8379629629629629,
        "Lymph": 0.8387096774193549,
        "MEP": 0.8143712574850299,
        "Mk": 0.8823529411764706,
        "Mo": 0.8050089445438283,
        "Neu": 0.8279569892473119
      }
    }
  },
  "topology_global": {
    "scale": 15.78650390653512,
    "h0_gap_ratio": 103.66189496227899,
    "n_significant": 999,
    "h1_total": 31.75662237168509,
    "h1_max": 0.14151112158490453,
    "h1_count": 0,
    "h0_spread": 0.10846543665432541,
    "n_points": 1000,
    "discreteness_index": 0.6278388278388278
  },
  "topology_continuity_index": 0.37216117216117217,
  "topology_per_cluster_truth": {
    "Baso": {
      "transitional_frac": 0.8428184281842819,
      "mean_purity": 0.47217705510388436,
      "n": 369
    },
    "DC": {
      "transitional_frac": 0.8333333333333334,
      "mean_purity": 0.5366666666666666,
      "n": 30
    },
    "Eos": {
      "transitional_frac": 1.0,
      "mean_purity": 0.17777777777777778,
      "n": 9
    },
    "Ery": {
      "transitional_frac": 0.0730593607305936,
      "mean_purity": 0.945296803652968,
      "n": 1095
    },
    "GMP": {
      "transitional_frac": 0.5787037037037037,
      "mean_purity": 0.6061728395061728,
      "n": 216
    },
    "Lymph": {
      "transitional_frac": 0.9354838709677419,
      "mean_purity": 0.5215053763440859,
      "n": 31
    },
    "MEP": {
      "transitional_frac": 0.437125748502994,
      "mean_purity": 0.6826347305389222,
      "n": 167
    },
    "Mk": {
      "transitional_frac": 0.9411764705882353,
      "mean_purity": 0.3676470588235294,
      "n": 68
    },
    "Mo": {
      "transitional_frac": 0.3488372093023256,
      "mean_purity": 0.7276088252832439,
      "n": 559
    },
    "Neu": {
      "transitional_frac": 0.5645161290322581,
      "mean_purity": 0.6275985663082436,
      "n": 186
    }
  },
  "topology_per_cluster_infer": {
    "0": {
      "transitional_frac": 0.2463768115942029,
      "mean_purity": 0.792109500805153,
      "n": 414
    },
    "1": {
      "transitional_frac": 0.10089020771513353,
      "mean_purity": 0.8629080118694362,
      "n": 337
    },
    "10": {
      "transitional_frac": 0.7166666666666667,
      "mean_purity": 0.5977777777777777,
      "n": 60
    },
    "2": {
      "transitional_frac": 0.2391304347826087,