{
  "log": {
    "name": "citeseq_pbmc",
    "n_cells": 4193,
    "n_genes": 2000,
    "n_types": 6,
    "n_batches": 1
  },
  "metrics": {
    "PCA+Leiden": {
      "ARI": 0.7544739647020693,
      "NMI": 0.7590617887093665,
      "AMI": 0.7585203850484946,
      "homogeneity": 0.7123408400439863,
      "completeness": 0.812341576954111,
      "n_clusters": 6,
      "rare_recall": 0.8766691861929957,
      "silhouette_Z": 0.1827910989522934,
      "per_type_f1": {
        "B": 0.9693877551020408,
        "CD14 Mono": 0.9568207871608712,
        "CD4 T": 0.8842953020134227,
        "CD8 T": 0.004962779156327543,
        "DC": 0.7839506172839507,
        "NK": 0.8587105624142661
      }
    },
    "NBVAE+Euclid": {
      "ARI": 0.560609961626596,
      "NMI": 0.6695581228559623,
      "AMI": 0.6688695585357807,
      "homogeneity": 0.674251638838817,
      "completeness": 0.6649294989844214,
      "n_clusters": 6,
      "rare_recall": 0.6167882066964635,
      "silhouette_Z": 0.18909427523612976,
      "per_type_f1": {
        "B": 0.9675213675213674,
        "CD14 Mono": 0.9138686131386862,
        "CD4 T": 0.6527075812274369,
        "CD8 T": 0.39718309859154927,
        "DC": 0.26605504587155965,
        "NK": 0.9617151607963246
      }
    },
    "KMeans": {
      "ARI": 0.45080808030929204,
      "NMI": 0.6004158660936743,
      "AMI": 0.5996689032283515,
      "homogeneity": 0.6595811667220974,
      "completeness": 0.550991226344895,
      "n_clusters": 6,
      "rare_recall": 0.6357840276967363,
      "silhouette_Z": 0.18322710692882538,
      "per_type_f1": {
        "B": 0.9154704944178628,
        "CD14 Mono": 0.7478591817316841,
        "CD4 T": 0.5439672801635992,
        "CD8 T": 0.13313609467455623,
        "DC": 0.35609756097560974,
        "NK": 0.6038461538461539
      }
    },
    "IGMC-EucPull": {
      "ARI": 0.5929407007504792,
      "NMI": 0.7011751579167996,
      "AMI": 0.7005853787783588,
      "homogeneity": 0.7312244850362409,
      "completeness": 0.6734980707087096,
      "n_clusters": 6,
      "rare_recall": 0.9082491729823395,
      "silhouette_Z": 0.19385644793510437,
      "per_type_f1": {
        "B": 0.9711375212224109,
        "CD14 Mono": 0.9499806126405584,
        "CD4 T": 0.6494545454545454,
        "CD8 T": 0.39832285115303984,
        "DC": 0.8453608247422681,
        "NK": 0.9614791987673343
      }
    },
    "IGMC-FR+Leiden": {
      "ARI": 0.6021466037060789,
      "NMI": 0.7120852155271291,
      "AMI": 0.7115134113572508,
      "homogeneity": 0.7384304930308585,
      "completeness": 0.6875550416746657,
      "n_clusters": 6,
      "rare_recall": 0.9243151993576442,
      "silhouette_Z": 0.19386884570121765,
      "per_type_f1": {
        "B": 0.9711375212224109,
        "CD14 Mono": 0.9579188982402449,
        "CD4 T": 0.6514327167210736,
        "CD8 T": 0.4,
        "DC": 0.8774928774928774,
        "NK": 0.963076923076923
      }
    },
    "IGMC-Markov": {
      "ARI": 0.7197498273735734,
      "NMI": 0.7137251641443777,
      "AMI": 0.7130036011207794,
      "homogeneity": 0.7032346884211014,
      "completeness": 0.7245333619904332,
      "n_clusters": 6,
      "rare_recall": 0.920736779560309,
      "silhouette_Z": 0.18684977293014526,
      "per_type_f1": {
        "B": 0.9656565656565657,
        "CD14 Mono": 0.9094430992736078,
        "CD4 T": 0.8928332217012727,
        "CD8 T": 0.0,
        "DC": 0.8758169934640523,
        "NK": 0.7195622435020519
      }
    }
  },
  "conformal": {
    "0.05": {
      "mean_set_size": 1.0777486286668256,
      "frac_singleton": 0.9096112568566659,
      "frac_ambiguous": 0.08371094681612211,
      "frac_novel": 0.00667779632721202,
      "marginal_coverage": 0.9487240639160506,
      "per_class_coverage": {
        "B": 0.9513888888888888,
        "CD14 Mono": 0.9426751592356688,
        "CD4 T": 0.9513023782559457,
        "CD8 T": 0.949468085106383,
        "DC": 0.946524064171123,
        "NK": 0.95625
      }
    },
    "0.1": {
      "mean_set_size": 0.9644645838301932,
      "frac_singleton": 0.9477700930121631,
      "frac_ambiguous": 0.008347245409015025,
      "frac_novel": 0.04388266157882185,
      "marginal_coverage": 0.8974481278321012,
      "per_class_coverage": {
        "B": 0.8819444444444444,
        "CD14 Mono": 0.8845541401273885,
        "CD4 T": 0.9043035107587769,
        "CD8 T": 0.8909574468085106,
        "DC": 0.93048128342246,
        "NK": 0.9125
      }
    },
    "0.2": {
      "mean_set_size": 0.8089673264965419,
      "frac_singleton": 0.8089673264965419,
      "frac_ambiguous": 0.0,
      "frac_novel": 0.19103267350345815,
      "marginal_coverage": 0.7903648938707369,
      "per_class_coverage": {
        "B": 0.7638888888888888,
        "CD14 Mono": 0.7834394904458599,
        "CD4 T": 0.7950169875424689,
        "CD8 T": 0.7872340425531915,
        "DC": 0.8449197860962567,
        "NK": 0.7875
      }
    }
  },
  "topology_global": {
    "scale": 15.314509297084996,
    "h0_gap_ratio": 67.9081424608509,
    "n_significant": 3,
    "h1_total": 19.748926340111925,
    "h1_max": 0.20015575123736756,
    "h1_count": 0,
    "h0_spread": 0.16491734822916043,
    "n_points": 1000,
    "discreteness_index": 0.9100882423086096
  },
  "topology_continuity_index": 0.08991175769139041,
  "topology_per_cluster_truth": {
    "B": {
      "transitional_frac": 0.010416666666666666,
      "mean_purity": 0.9770833333333333,
      "n": 288
    },
    "CD14 Mono": {
      "transitional_frac": 0.026273885350318472,
      "mean_purity": 0.9245488322717624,
      "n": 1256
    },
    "CD4 T": {
      "transitional_frac": 0.09003397508493771,
      "mean_purity": 0.9221404303510758,
      "n": 1766
    },
    "CD8 T": {
      "transitional_frac": 0.3324468085106383,
      "mean_purity": 0.7359929078014185,
      "n": 376
    },
    "DC": {
      "transitional_frac": 0.24598930481283424,
      "mean_purity": 0.7588235294117646,
      "n": 187
    },
    "NK": {
      "transitional_frac": 0.034375,
      "mean_purity": 0.9528125000000001,
      "n": 320
    }
  },
  "topology_per_cluster_infer": {
    "0": {
      "transitional_frac": 0.014727540500736377,
      "mean_purity": 0.9888070692194403,
      "n": 1358
    },
    "1": {
      "transitional_frac": 0.07244995233555768,
      "mean_purity": 0.9395614871306006,
      "n": 1049
    },
    "2": {
      "transitional_frac": 0.015136226034308779,
      "mean_purity": 0.9828456104944501,
      "n": 991
    },
    "3": {
      "transitional_frac": 0.02727272727272727,
      "mean_purity": 0.9707070707070709,
      "n": 330
    },
    "4": {
      "transitional_frac": 0.006644518272425249,
      "mean_purity": 0.9910299003322257,
      "n": 301
    },
    "5": {
      "transitional_frac": 0.17682926829268292,
      "mean_purity": 0.8514227642276422,
      "n": 164
    }
  },
  "markov_robust_times": [
    11.264816923358868,
    15.111596361066765,
    20.271997861436663,
    27.194605220720867,
    48.93900918477494,
    65.65100508445242,
    118.14457737998951,
    158.48931924611142
  ],
  "runtime_sec": 601.4168281555176
}