{
  "acinar": {
    "W_ht": 3.770869340834126,
    "W_null": 1.6098508667527582,
    "effect": 2.161018474081368,
    "n_healthy": 115.0,
    "n_t2d": 73.0
  },
  "activated_stellate": {
    "W_ht": 3.170163923899333,
    "W_null": 1.3203315734863281,
    "effect": 1.849832350413005,
    "n_healthy": 25.0,
    "n_t2d": 30.0
  },
  "alpha": {
    "W_ht": 5.561430574725172,
    "W_null": 2.5993734292605293,
    "effect": 2.9620571454646427,
    "n_healthy": 555.0,
    "n_t2d": 453.0
  },
  "beta": {
    "W_ht": 6.214329978296628,
    "W_null": 2.447591751813889,
    "effect": 3.766738226482739,
    "n_healthy": 193.0,
    "n_t2d": 115.0
  },
  "delta": {
    "W_ht": 4.248510764951558,
    "W_null": 2.745332269957571,
    "effect": 1.5031784949939868,
    "n_healthy": 66.0,
    "n_t2d": 61.0
  },
  "ductal": {
    "W_ht": 4.624404759994188,
    "W_null": 1.96346488865939,
    "effect": 2.660939871334798,
    "n_healthy": 176.0,
    "n_t2d": 268.0
  },
  "gamma": {
    "W_ht": 4.4911821229117255,
    "W_null": 2.7723688746607578,
    "effect": 1.7188132482509677,
    "n_healthy": 87.0,
    "n_t2d": 126.0
  }
}