{
  "pbmc3k": {
    "euclidean": {
      "ARI": 0.8060879409889457,
      "NMI": 0.7925868186306805,
      "n": 6,
      "rareF1": 0.5477376818158941,
      "t": 20.511621788255667
    },
    "fisher_rao": {
      "ARI": 0.8410394290090433,
      "NMI": 0.8255141161655009,
      "n": 7,
      "rareF1": 0.8367434526258055,
      "t": 14.588142602753503
    }
  },
  "pancreas": {
    "euclidean": {
      "ARI": 0.913437548826362,
      "NMI": 0.8799658354289168,
      "n": 13,
      "rareF1": 0.646964190026012,
      "t": 14.588142602753503
    },
    "fisher_rao": {
      "ARI": 0.911387413735779,
      "NMI": 0.874778265241988,
      "n": 10,
      "rareF1": 0.11009174311926606,
      "t": 20.511621788255667
    }
  },
  "paul15": {
    "euclidean": {
      "ARI": 0.3768310160435926,
      "NMI": 0.5728470092560604,
      "n": 7,
      "rareF1": 0.29761904761904767,
      "t": 14.588142602753503
    },
    "fisher_rao": {
      "ARI": 0.5642831960326122,
      "NMI": 0.6160263181215713,
      "n": 6,
      "rareF1": 0.14903846153846154,
      "t": 20.511621788255667
    }
  }
}