{
  "types": [
    "type0",
    "type1",
    "type2",
    "type3",
    "type4",
    "type5_rare",
    "type6_rare",
    "type7_rare",
    "type8_rare"
  ],
  "abundance": [
    0.1906,
    0.1824,
    0.183,
    0.1796,
    0.1826,
    0.005,
    0.0068,
    0.0184,
    0.0516
  ],
  "methods": {
    "PCA+Leiden": {
      "ARI": 0.8771985307573419,
      "NMI": 0.8146013111505893,
      "rareF1": 0.03508771929824561,
      "per_type_f1": [
        0.9573459715639809,
        0.9442013129102844,
        0.9621503017004938,
        0.9428095502498612,
        0.9616228070175439,
        0.0,
        0.10526315789473684,
        0.0,
        0.7076461769115442
      ]
    },
    "KMeans": {
      "ARI": 0.7501108574335867,
      "NMI": 0.7761625654170453,
      "rareF1": 0.18195914121905288,
      "per_type_f1": [
        0.6331938633193863,
        0.9534090909090909,
        0.9674523007856342,
        0.9196217494089836,
        0.6661901358112938,
        0.02127659574468085,
        0.056179775280898875,
        0.4684210526315789,
        0.9107468123861566
      ]
    },
    "NBVAE+Euclid": {
      "ARI": 0.9339568030933816,
      "NMI": 0.8935047596049825,
      "rareF1": 0.3581258008802719,
      "per_type_f1": [
        0.970464135021097,
        0.9725576289791438,
        0.9846994535519126,
        0.9719008264462811,
        0.9688013136289,
        0.1935483870967742,
        0.0,
        0.8808290155440415,
        0.9057971014492754
      ]
    },
    "IGMC-EucPull": {
      "ARI": 0.9404339090722933,
      "NMI": 0.8973888994378422,
      "rareF1": 0.2876882999207158,
      "per_type_f1": [
        0.9821615949632738,
        0.9724366041896362,
        0.9812981298129813,
        0.9760712298274903,
        0.9740761169332598,
        0.07407407407407407,
        0.0,
        0.7889908256880734,
        0.8811188811188811
      ]
    },
    "IGMC-FR+Leiden": {
      "ARI": 0.9509387272003947,
      "NMI": 0.9131477185309879,
      "rareF1": 0.44525887143688186,
      "per_type_f1": [
        0.979035639412998,
        0.9736842105263158,
        0.9863611565739225,
        0.9805013927576602,
        0.9825897714907509,
        0.0,
        0.4666666666666667,
        0.869109947643979,
        0.9391634980988595
      ]
    }
  }
}